{
  "version": "0.1",
  "created_at": "2025-12-31T10:46:30.935371+00:00",
  "seed": 1337,
  "num_samples": 321,
  "num_positives": 0,
  "num_negatives": 321,
  "videos": [
    {
      "video_id": "input_video_1",
      "fps": 30.0,
      "total_frames": 9605,
      "duration_s": 320.1666666666667
    }
  ]
}