{
  "version": "0.1",
  "created_at": "2026-01-17T10:56:24.859150+00:00",
  "seed": 1337,
  "num_samples": 22,
  "num_positives": 2,
  "num_negatives": 20,
  "videos": [
    {
      "video_id": "input_video_1",
      "fps": 30.0,
      "total_frames": 9605,
      "duration_s": 320.1666666666667
    }
  ]
}